{
    "model_type": "INT8",
    "method": "eager",
    "provider": "CPUExecutionProvider",
    "overall_metrics": {
        "accuracy": 0.844,
        "precision": 0.852204135917606,
        "recall": 0.844,
        "f1": 0.8391746507688954,
        "total_samples": 500,
        "total_time_seconds": 6.36061429977417,
        "avg_time_per_batch_ms": 198.7691968679428,
        "samples_per_second": 78.60875953722775
    },
    "classification_report": {
        "Positive": {
            "precision": 0.8708133971291866,
            "recall": 0.875,
            "f1-score": 0.8729016786570744,
            "support": 208.0
        },
        "Neutral": {
            "precision": 0.9272727272727272,
            "recall": 0.5795454545454546,
            "f1-score": 0.7132867132867133,
            "support": 88.0
        },
        "Negative": {
            "precision": 0.8008474576271186,
            "recall": 0.9264705882352942,
            "f1-score": 0.8590909090909091,
            "support": 204.0
        },
        "accuracy": 0.844,
        "macro avg": {
            "precision": 0.8663111940096774,
            "recall": 0.7936720142602495,
            "f1-score": 0.815093100344899,
            "support": 500.0
        },
        "weighted avg": {
            "precision": 0.852204135917606,
            "recall": 0.844,
            "f1-score": 0.8391746507688954,
            "support": 500.0
        }
    }
}