{
    "model_type": "INT8",
    "method": "eager",
    "provider": "CPUExecutionProvider",
    "overall_metrics": {
        "accuracy": 0.846,
        "precision": 0.8545251548680487,
        "recall": 0.846,
        "f1": 0.8410435187322903,
        "total_samples": 500,
        "total_time_seconds": 6.285292625427246,
        "avg_time_per_batch_ms": 196.41539454460144,
        "samples_per_second": 79.55079099694458
    },
    "classification_report": {
        "Positive": {
            "precision": 0.8598130841121495,
            "recall": 0.8846153846153846,
            "f1-score": 0.8720379146919431,
            "support": 208.0
        },
        "Neutral": {
            "precision": 0.9444444444444444,
            "recall": 0.5795454545454546,
            "f1-score": 0.7183098591549296,
            "support": 88.0
        },
        "Negative": {
            "precision": 0.8103448275862069,
            "recall": 0.9215686274509803,
            "f1-score": 0.8623853211009175,
            "support": 204.0
        },
        "accuracy": 0.846,
        "macro avg": {
            "precision": 0.8715341187142669,
            "recall": 0.7952431555372731,
            "f1-score": 0.8175776983159301,
            "support": 500.0
        },
        "weighted avg": {
            "precision": 0.8545251548680487,
            "recall": 0.846,
            "f1-score": 0.8410435187322903,
            "support": 500.0
        }
    }
}