{
    "model_type": "INT8",
    "provider": "CPUExecutionProvider",
    "overall_metrics": {
        "accuracy": 0.868,
        "precision": 0.8737122276630473,
        "recall": 0.868,
        "f1": 0.865158135422429,
        "total_samples": 500,
        "total_time_seconds": 10.049856662750244,
        "avg_time_per_batch_ms": 314.05802071094513,
        "samples_per_second": 49.751953363996535
    },
    "classification_report": {
        "Positive": {
            "precision": 0.8398268398268398,
            "recall": 0.9326923076923077,
            "f1-score": 0.8838268792710706,
            "support": 208.0
        },
        "Neutral": {
            "precision": 0.9508196721311475,
            "recall": 0.6590909090909091,
            "f1-score": 0.7785234899328859,
            "support": 88.0
        },
        "Negative": {
            "precision": 0.875,
            "recall": 0.8921568627450981,
            "f1-score": 0.883495145631068,
            "support": 204.0
        },
        "accuracy": 0.868,
        "macro avg": {
            "precision": 0.8885488373193291,
            "recall": 0.8279800265094382,
            "f1-score": 0.8486151716116748,
            "support": 500.0
        },
        "weighted avg": {
            "precision": 0.8737122276630473,
            "recall": 0.868,
            "f1-score": 0.865158135422429,
            "support": 500.0
        }
    }
}