{
    "model_type": "FP16",
    "method": "fake",
    "overall_metrics": {
        "eval_loss": 0.5165095329284668,
        "eval_model_preparation_time": 0.0015,
        "eval_accuracy": 0.842,
        "eval_precision": 0.8470819327731092,
        "eval_recall": 0.842,
        "eval_f1": 0.8365144761780275,
        "eval_runtime": 0.4358,
        "eval_samples_per_second": 1147.447,
        "eval_steps_per_second": 73.437
    },
    "classification_report": {
        "Positive": {
            "precision": 0.8416289592760181,
            "recall": 0.8942307692307693,
            "f1-score": 0.8671328671328671,
            "support": 208.0
        },
        "Neutral": {
            "precision": 0.9090909090909091,
            "recall": 0.5681818181818182,
            "f1-score": 0.6993006993006993,
            "support": 88.0
        },
        "Negative": {
            "precision": 0.8258928571428571,
            "recall": 0.9068627450980392,
            "f1-score": 0.8644859813084113,
            "support": 204.0
        },
        "accuracy": 0.842,
        "macro avg": {
            "precision": 0.8588709085032614,
            "recall": 0.7897584441702089,
            "f1-score": 0.8103065159139925,
            "support": 500.0
        },
        "weighted avg": {
            "precision": 0.8470819327731092,
            "recall": 0.842,
            "f1-score": 0.8365144761780275,
            "support": 500.0
        }
    }
}