{
    "model_type": "INT4",
    "method": "eager",
    "provider": "CPUExecutionProvider",
    "overall_metrics": {
        "accuracy": 0.844,
        "precision": 0.855733682459768,
        "recall": 0.844,
        "f1": 0.8375284026995302,
        "total_samples": 500,
        "total_time_seconds": 9.902281761169434,
        "avg_time_per_batch_ms": 309.4463050365448,
        "samples_per_second": 50.49341273651572
    },
    "classification_report": {
        "Positive": {
            "precision": 0.8325991189427313,
            "recall": 0.9086538461538461,
            "f1-score": 0.8689655172413793,
            "support": 208.0
        },
        "Neutral": {
            "precision": 0.9795918367346939,
            "recall": 0.5454545454545454,
            "f1-score": 0.7007299270072993,
            "support": 88.0
        },
        "Negative": {
            "precision": 0.8258928571428571,
            "recall": 0.9068627450980392,
            "f1-score": 0.8644859813084113,
            "support": 204.0
        },
        "accuracy": 0.844,
        "macro avg": {
            "precision": 0.8793612709400941,
            "recall": 0.7869903789021436,
            "f1-score": 0.8113938085190299,
            "support": 500.0
        },
        "weighted avg": {
            "precision": 0.855733682459768,
            "recall": 0.844,
            "f1-score": 0.8375284026995302,
            "support": 500.0
        }
    }
}