{
    "model_type": "INT4",
    "method": "eager",
    "provider": "CPUExecutionProvider",
    "overall_metrics": {
        "accuracy": 0.852,
        "precision": 0.8568673007417087,
        "recall": 0.852,
        "f1": 0.8480466872418009,
        "total_samples": 500,
        "total_time_seconds": 10.229745864868164,
        "avg_time_per_batch_ms": 319.6795582771301,
        "samples_per_second": 48.87706953866187
    },
    "classification_report": {
        "Positive": {
            "precision": 0.863849765258216,
            "recall": 0.8846153846153846,
            "f1-score": 0.8741092636579573,
            "support": 208.0
        },
        "Neutral": {
            "precision": 0.9152542372881356,
            "recall": 0.6136363636363636,
            "f1-score": 0.7346938775510204,
            "support": 88.0
        },
        "Negative": {
            "precision": 0.8245614035087719,
            "recall": 0.9215686274509803,
            "f1-score": 0.8703703703703703,
            "support": 204.0
        },
        "accuracy": 0.852,
        "macro avg": {
            "precision": 0.8678884686850412,
            "recall": 0.8066067919009096,
            "f1-score": 0.8263911705264494,
            "support": 500.0
        },
        "weighted avg": {
            "precision": 0.8568673007417087,
            "recall": 0.852,
            "f1-score": 0.8480466872418009,
            "support": 500.0
        }
    }
}