{
    "model_type": "INT8",
    "method": "fake",
    "overall_metrics": {
        "eval_loss": 0.49823319911956787,
        "eval_model_preparation_time": 0.0014,
        "eval_accuracy": 0.856,
        "eval_precision": 0.8626742121358442,
        "eval_recall": 0.856,
        "eval_f1": 0.8520026201417168,
        "eval_runtime": 0.8603,
        "eval_samples_per_second": 581.194,
        "eval_steps_per_second": 37.196
    },
    "classification_report": {
        "Positive": {
            "precision": 0.8577981651376146,
            "recall": 0.8990384615384616,
            "f1-score": 0.8779342723004695,
            "support": 208.0
        },
        "Neutral": {
            "precision": 0.9473684210526315,
            "recall": 0.6136363636363636,
            "f1-score": 0.7448275862068966,
            "support": 88.0
        },
        "Negative": {
            "precision": 0.8311111111111111,
            "recall": 0.9166666666666666,
            "f1-score": 0.8717948717948718,
            "support": 204.0
        },
        "accuracy": 0.856,
        "macro avg": {
            "precision": 0.8787592324337857,
            "recall": 0.8097804972804973,
            "f1-score": 0.831518910100746,
            "support": 500.0
        },
        "weighted avg": {
            "precision": 0.8626742121358442,
            "recall": 0.856,
            "f1-score": 0.8520026201417168,
            "support": 500.0
        }
    }
}