{
    "model_type": "INT4",
    "method": "fake",
    "overall_metrics": {
        "eval_loss": 0.5509183406829834,
        "eval_model_preparation_time": 0.0013,
        "eval_accuracy": 0.836,
        "eval_precision": 0.8406221487056489,
        "eval_recall": 0.836,
        "eval_f1": 0.832559931605804,
        "eval_runtime": 0.7156,
        "eval_samples_per_second": 698.759,
        "eval_steps_per_second": 44.721
    },
    "classification_report": {
        "Positive": {
            "precision": 0.8457943925233645,
            "recall": 0.8701923076923077,
            "f1-score": 0.8578199052132701,
            "support": 208.0
        },
        "Neutral": {
            "precision": 0.9,
            "recall": 0.6136363636363636,
            "f1-score": 0.7297297297297297,
            "support": 88.0
        },
        "Negative": {
            "precision": 0.8097345132743363,
            "recall": 0.8970588235294118,
            "f1-score": 0.8511627906976744,
            "support": 204.0
        },
        "accuracy": 0.836,
        "macro avg": {
            "precision": 0.8518429685992336,
            "recall": 0.7936291649526943,
            "f1-score": 0.8129041418802249,
            "support": 500.0
        },
        "weighted avg": {
            "precision": 0.8406221487056489,
            "recall": 0.836,
            "f1-score": 0.832559931605804,
            "support": 500.0
        }
    }
}