{
    "model_type": "FP16",
    "method": "eager",
    "provider": "CPUExecutionProvider",
    "overall_metrics": {
        "accuracy": 0.85,
        "precision": 0.8551789555298662,
        "recall": 0.85,
        "f1": 0.8460547559080605,
        "total_samples": 500,
        "total_time_seconds": 19.05920147895813,
        "avg_time_per_batch_ms": 595.6000462174416,
        "samples_per_second": 26.234047662070914
    },
    "classification_report": {
        "Positive": {
            "precision": 0.8625592417061612,
            "recall": 0.875,
            "f1-score": 0.8687350835322196,
            "support": 208.0
        },
        "Neutral": {
            "precision": 0.9152542372881356,
            "recall": 0.6136363636363636,
            "f1-score": 0.7346938775510204,
            "support": 88.0
        },
        "Negative": {
            "precision": 0.8217391304347826,
            "recall": 0.9264705882352942,
            "f1-score": 0.8709677419354839,
            "support": 204.0
        },
        "accuracy": 0.85,
        "macro avg": {
            "precision": 0.8665175364763598,
            "recall": 0.8050356506238859,
            "f1-score": 0.8247989010062414,
            "support": 500.0
        },
        "weighted avg": {
            "precision": 0.8551789555298662,
            "recall": 0.85,
            "f1-score": 0.8460547559080605,
            "support": 500.0
        }
    }
}